ID,School Name,Google_Maps_URL
125,A.B.C 123 Private Kindergarten,https://www.google.com/maps/search/A.B.C+123+Private+Kindergarten+Doha+Qatar
117,ABC Kids International Nursery,https://www.google.com/maps/search/ABC+Kids+International+Nursery+Doha+Qatar
126,ACS Doha International School – Al Gharrafa,https://www.google.com/maps/search/ACS+Doha+International+School+%E2%80%93+Al+Gharrafa+Doha+Qatar
146,AL ROYAL CROWN SCHOOL,https://www.google.com/maps/search/AL+ROYAL+CROWN+SCHOOL+Doha+Qatar
199,ALSanafer Kindergarten,https://www.google.com/maps/search/ALSanafer+Kindergarten+Doha+Qatar
205,AWIS – Al Wataniya International School,https://www.google.com/maps/search/AWIS+%E2%80%93+Al+Wataniya+International+School+Doha+Qatar
122,Academyati School,https://www.google.com/maps/search/Academyati+School+Doha+Qatar
127,Ajyal Kindergarten Qatar,https://www.google.com/maps/search/Ajyal+Kindergarten+Qatar+Doha+Qatar
128,Al Aasria Kindergarten,https://www.google.com/maps/search/Al+Aasria+Kindergarten+Doha+Qatar
151,Al Andalus Primary Boys School,https://www.google.com/maps/search/Al+Andalus+Primary+Boys+School+Doha+Qatar
152,Al Andalus Private Girls School,https://www.google.com/maps/search/Al+Andalus+Private+Girls+School+Doha+Qatar
149,Al Andalus Private Kindergarten,https://www.google.com/maps/search/Al+Andalus+Private+Kindergarten+Doha+Qatar
153,Al Arqam Academy for Girls- Abu Hamour,https://www.google.com/maps/search/Al+Arqam+Academy+for+Girls-+Abu+Hamour+Doha+Qatar
76,Al Baraha School,https://www.google.com/maps/search/Al+Baraha+School+Doha+Qatar
158,Al Bashaer Private Kindergarten,https://www.google.com/maps/search/Al+Bashaer+Private+Kindergarten+Doha+Qatar
159,Al Bateel International School,https://www.google.com/maps/search/Al+Bateel+International+School+Doha+Qatar
160,Al Bustan Private Kindergarten,https://www.google.com/maps/search/Al+Bustan+Private+Kindergarten+Doha+Qatar
163,Al Faisal Kindergarten,https://www.google.com/maps/search/Al+Faisal+Kindergarten+Doha+Qatar
164,Al Faisel Private Kindergarten,https://www.google.com/maps/search/Al+Faisel+Private+Kindergarten+Doha+Qatar
166,Al Fallah Private Boys School,https://www.google.com/maps/search/Al+Fallah+Private+Boys+School+Doha+Qatar
168,Al Fatat AlMuslima Girls School,https://www.google.com/maps/search/Al+Fatat+AlMuslima+Girls+School+Doha+Qatar
131,Al Forsan International School,https://www.google.com/maps/search/Al+Forsan+International+School+Doha+Qatar
170,Al Furqan Private Boys School,https://www.google.com/maps/search/Al+Furqan+Private+Boys+School+Doha+Qatar
171,Al Furqan Private Secondary School,https://www.google.com/maps/search/Al+Furqan+Private+Secondary+School+Doha+Qatar
173,Al Hammad Int'l Developed School,https://www.google.com/maps/search/Al+Hammad+Int%27l+Developed+School+Doha+Qatar
174,Al Hayat Universal School,https://www.google.com/maps/search/Al+Hayat+Universal+School+Doha+Qatar
43,Al Hekma International School,https://www.google.com/maps/search/Al+Hekma+International+School+Doha+Qatar
35,Al Jazeera Academy,https://www.google.com/maps/search/Al+Jazeera+Academy+Doha+Qatar
79,Al Jazeera School,https://www.google.com/maps/search/Al+Jazeera+School+Doha+Qatar
133,Al Joud International Kindergarten,https://www.google.com/maps/search/Al+Joud+International+Kindergarten+Doha+Qatar
135,Al Khor International Kindergarten,https://www.google.com/maps/search/Al+Khor+International+Kindergarten+Doha+Qatar
104,Al Khor International School,https://www.google.com/maps/search/Al+Khor+International+School+Doha+Qatar
137,Al Khor International School-Indian Stream (Qatar Gas),https://www.google.com/maps/search/Al+Khor+International+School-Indian+Stream+%28Qatar+Gas%29+Doha+Qatar
136,Al Khor International-British Stream (Qatar Gas),https://www.google.com/maps/search/Al+Khor+International-British+Stream+%28Qatar+Gas%29+Doha+Qatar
185,Al Madina International School- Al Wakra,https://www.google.com/maps/search/Al+Madina+International+School-+Al+Wakra+Doha+Qatar
44,Al Maha Academy,https://www.google.com/maps/search/Al+Maha+Academy+Doha+Qatar
138,Al Maha Academy for Boys,https://www.google.com/maps/search/Al+Maha+Academy+for+Boys+Doha+Qatar
186,Al Maha Academy for Girls,https://www.google.com/maps/search/Al+Maha+Academy+for+Girls+Doha+Qatar
187,Al Mahd International School,https://www.google.com/maps/search/Al+Mahd+International+School+Doha+Qatar
139,Al Manar International School -Al Thameed,https://www.google.com/maps/search/Al+Manar+International+School+-Al+Thameed+Doha+Qatar
189,Al Manar International School – Al Dafna,https://www.google.com/maps/search/Al+Manar+International+School+%E2%80%93+Al+Dafna+Doha+Qatar
188,Al Manar International School – Al Maamoura,https://www.google.com/maps/search/Al+Manar+International+School+%E2%80%93+Al+Maamoura+Doha+Qatar
190,Al Manar International School – Al Sadd,https://www.google.com/maps/search/Al+Manar+International+School+%E2%80%93+Al+Sadd+Doha+Qatar
140,Al Nebras International Preschool – The Montessori Way,https://www.google.com/maps/search/Al+Nebras+International+Preschool+%E2%80%93+The+Montessori+Way+Doha+Qatar
1,Al Noor Kindergarten,https://www.google.com/maps/search/Al+Noor+Kindergarten+Doha+Qatar
4,Al Noor Kindergarten,https://www.google.com/maps/search/Al+Noor+Kindergarten+Doha+Qatar
7,Al Noor Kindergarten,https://www.google.com/maps/search/Al+Noor+Kindergarten+Doha+Qatar
141,Al Noor Language KG – Nuaija,https://www.google.com/maps/search/Al+Noor+Language+KG+%E2%80%93+Nuaija+Doha+Qatar
192,Al Noor Language School – Al Waab,https://www.google.com/maps/search/Al+Noor+Language+School+%E2%80%93+Al+Waab+Doha+Qatar
193,Al Noor Language Schools Kindergarten Al Waab,https://www.google.com/maps/search/Al+Noor+Language+Schools+Kindergarten+Al+Waab+Doha+Qatar
194,Al Numan Private Kindergarten,https://www.google.com/maps/search/Al+Numan+Private+Kindergarten+Doha+Qatar
142,Al Oud Al Akhdar International Kindergarten,https://www.google.com/maps/search/Al+Oud+Al+Akhdar+International+Kindergarten+Doha+Qatar
143,Al Oud Al Akhdar International School and Kindergarten,https://www.google.com/maps/search/Al+Oud+Al+Akhdar+International+School+and+Kindergarten+Doha+Qatar
144,Al Rayyan Al Jadeed Secondary Girls School,https://www.google.com/maps/search/Al+Rayyan+Al+Jadeed+Secondary+Girls+School+Doha+Qatar
145,Al Redwan Kindergarten,https://www.google.com/maps/search/Al+Redwan+Kindergarten+Doha+Qatar
198,Al Salam Private Kindergarten,https://www.google.com/maps/search/Al+Salam+Private+Kindergarten+Doha+Qatar
201,Al Talayea Kindergarten,https://www.google.com/maps/search/Al+Talayea+Kindergarten+Doha+Qatar
147,Al Tamakon Comprehensive School,https://www.google.com/maps/search/Al+Tamakon+Comprehensive+School+Doha+Qatar
204,Al Thuraya Kindergarten,https://www.google.com/maps/search/Al+Thuraya+Kindergarten+Doha+Qatar
57,Al Wakra Academy,https://www.google.com/maps/search/Al+Wakra+Academy+Doha+Qatar
148,Al Watan – Kindergarten Primary – Mixed,https://www.google.com/maps/search/Al+Watan+%E2%80%93+Kindergarten+Primary+%E2%80%93+Mixed+Doha+Qatar
208,Al Zahra Private Kindergarten,https://www.google.com/maps/search/Al+Zahra+Private+Kindergarten+Doha+Qatar
134,Al khazamaa Private kindergarten,https://www.google.com/maps/search/Al+khazamaa+Private+kindergarten+Doha+Qatar
150,Al-Andalus – Prep Sec – Boys,https://www.google.com/maps/search/Al-Andalus+%E2%80%93+Prep+Sec+%E2%80%93+Boys+Doha+Qatar
54,Al-Bayan Bilingual School,https://www.google.com/maps/search/Al-Bayan+Bilingual+School+Doha+Qatar
169,Al-Furqan Private Prep – Boys,https://www.google.com/maps/search/Al-Furqan+Private+Prep+%E2%80%93+Boys+Doha+Qatar
191,Al-Mujtama – Prep Sec – Girls,https://www.google.com/maps/search/Al-Mujtama+%E2%80%93+Prep+Sec+%E2%80%93+Girls+Doha+Qatar
167,AlFatat AlMuslima Prep-Girls,https://www.google.com/maps/search/AlFatat+AlMuslima+Prep-Girls+Doha+Qatar
172,AlHammad International Developed Kindergarten,https://www.google.com/maps/search/AlHammad+International+Developed+Kindergarten+Doha+Qatar
175,AlJeel AlJadeed – KG – Mixed,https://www.google.com/maps/search/AlJeel+AlJadeed+%E2%80%93+KG+%E2%80%93+Mixed+Doha+Qatar
182,AlKhulud Language – KG – Mixed,https://www.google.com/maps/search/AlKhulud+Language+%E2%80%93+KG+%E2%80%93+Mixed+Doha+Qatar
156,Alashbal International School – Ain Khaled,https://www.google.com/maps/search/Alashbal+International+School+%E2%80%93+Ain+Khaled+Doha+Qatar
157,Alashbal Preparatory international school,https://www.google.com/maps/search/Alashbal+Preparatory+international+school+Doha+Qatar
161,Aldiaa International Kindergarten,https://www.google.com/maps/search/Aldiaa+International+Kindergarten+Doha+Qatar
162,Aleabqarii Alsaghir International Kindergarten,https://www.google.com/maps/search/Aleabqarii+Alsaghir+International+Kindergarten+Doha+Qatar
179,Aljeel Alqadem Private School- Al Wakra,https://www.google.com/maps/search/Aljeel+Alqadem+Private+School-+Al+Wakra+Doha+Qatar
178,Aljeel Alqadem Private school- Rawdat Alhamama,https://www.google.com/maps/search/Aljeel+Alqadem+Private+school-+Rawdat+Alhamama+Doha+Qatar
181,Aljeelalqadem Private School-Ain khaled,https://www.google.com/maps/search/Aljeelalqadem+Private+School-Ain+khaled+Doha+Qatar
180,Aljeelalqadem Private kindergarten – almashaf,https://www.google.com/maps/search/Aljeelalqadem+Private+kindergarten+%E2%80%93+almashaf+Doha+Qatar
183,Alkoon academy International / ALMasrouhiya Branch,https://www.google.com/maps/search/Alkoon+academy+International+%2F+ALMasrouhiya+Branch+Doha+Qatar
195,Alpha Cambridge School,https://www.google.com/maps/search/Alpha+Cambridge+School+Doha+Qatar
196,Alresalah Private Kindergarten,https://www.google.com/maps/search/Alresalah+Private+Kindergarten+Doha+Qatar
197,Alreyada International Kindergarten,https://www.google.com/maps/search/Alreyada+International+Kindergarten+Doha+Qatar
200,Alshoumoukh Academy lilemtiyaz Alduwaliya,https://www.google.com/maps/search/Alshoumoukh+Academy+lilemtiyaz+Alduwaliya+Doha+Qatar
202,Altamayoz kindergarten,https://www.google.com/maps/search/Altamayoz+kindergarten+Doha+Qatar
203,Altefil Alaneeq Kindergarten,https://www.google.com/maps/search/Altefil+Alaneeq+Kindergarten+Doha+Qatar
207,Alyasameen private Kindergarten – Al Kheesa,https://www.google.com/maps/search/Alyasameen+private+Kindergarten+%E2%80%93+Al+Kheesa+Doha+Qatar
209,Alzitoon International Primary Preparatory Secondary-Althumama,https://www.google.com/maps/search/Alzitoon+International+Primary+Preparatory+Secondary-Althumama+Doha+Qatar
210,Alzitoon International School – Umm Salal Branch,https://www.google.com/maps/search/Alzitoon+International+School+%E2%80%93+Umm+Salal+Branch+Doha+Qatar
211,Alzitoon private kindergarten,https://www.google.com/maps/search/Alzitoon+private+kindergarten+Doha+Qatar
212,Alzitoon private school,https://www.google.com/maps/search/Alzitoon+private+school+Doha+Qatar
215,American Academy Kindergarten – Al Maamoura,https://www.google.com/maps/search/American+Academy+Kindergarten+%E2%80%93+Al+Maamoura+Doha+Qatar
214,American Academy School – Al Thumama,https://www.google.com/maps/search/American+Academy+School+%E2%80%93+Al+Thumama+Doha+Qatar
213,American Academy School – Old Airport,https://www.google.com/maps/search/American+Academy+School+%E2%80%93+Old+Airport+Doha+Qatar
10,American School of Doha,https://www.google.com/maps/search/American+School+of+Doha+Doha+Qatar
216,Amjad International Academy,https://www.google.com/maps/search/Amjad+International+Academy+Doha+Qatar
217,Arab International Academy,https://www.google.com/maps/search/Arab+International+Academy+Doha+Qatar
36,Aspire Academy Doha,https://www.google.com/maps/search/Aspire+Academy+Doha+Doha+Qatar
218,Atfal Alghad Primary School,https://www.google.com/maps/search/Atfal+Alghad+Primary+School+Doha+Qatar
95,Atlas Academy,https://www.google.com/maps/search/Atlas+Academy+Doha+Qatar
219,Awfaz Global School – Al Dafna,https://www.google.com/maps/search/Awfaz+Global+School+%E2%80%93+Al+Dafna+Doha+Qatar
220,Awfaz Global School – Al Duhail,https://www.google.com/maps/search/Awfaz+Global+School+%E2%80%93+Al+Duhail+Doha+Qatar
221,Awfaz Global School – Izghawa,https://www.google.com/maps/search/Awfaz+Global+School+%E2%80%93+Izghawa+Doha+Qatar
222,Awsaj Academy,https://www.google.com/maps/search/Awsaj+Academy+Doha+Qatar
226,BELGRAVIA HIGH SCHOOL,https://www.google.com/maps/search/BELGRAVIA+HIGH+SCHOOL+Doha+Qatar
235,BIRMINGHAM INTERNATIONAL KINDERGARTEN,https://www.google.com/maps/search/BIRMINGHAM+INTERNATIONAL+KINDERGARTEN+Doha+Qatar
223,Bangladesh MHM School & College,https://www.google.com/maps/search/Bangladesh+MHM+School+%26+College+Doha+Qatar
224,Baraim Al Aqsa Kindergarten,https://www.google.com/maps/search/Baraim+Al+Aqsa+Kindergarten+Doha+Qatar
225,Baraim Al-Khur – KG – Mixed,https://www.google.com/maps/search/Baraim+Al-Khur+%E2%80%93+KG+%E2%80%93+Mixed+Doha+Qatar
78,Bayside Academy,https://www.google.com/maps/search/Bayside+Academy+Doha+Qatar
227,Beta Cambridge School,https://www.google.com/maps/search/Beta+Cambridge+School+Doha+Qatar
228,Beverly Hills International School,https://www.google.com/maps/search/Beverly+Hills+International+School+Doha+Qatar
29,Bhavan's Public School - Airport,https://www.google.com/maps/search/Bhavan%27s+Public+School+-+Airport+Doha+Qatar
230,Bhavan's Public School-Airport,https://www.google.com/maps/search/Bhavan%27s+Public+School-Airport+Doha+Qatar
231,Bhavan's Public School-Al Wakra,https://www.google.com/maps/search/Bhavan%27s+Public+School-Al+Wakra+Doha+Qatar
229,Bhavan's Public School-New Salata,https://www.google.com/maps/search/Bhavan%27s+Public+School-New+Salata+Doha+Qatar
232,Birla Public Primary School – Nuaija,https://www.google.com/maps/search/Birla+Public+Primary+School+%E2%80%93+Nuaija+Doha+Qatar
30,Birla Public School - Abu Hamour,https://www.google.com/maps/search/Birla+Public+School+-+Abu+Hamour+Doha+Qatar
234,Birla Public School Kindergarten,https://www.google.com/maps/search/Birla+Public+School+Kindergarten+Doha+Qatar
233,Birla Public School – Mesaimeer,https://www.google.com/maps/search/Birla+Public+School+%E2%80%93+Mesaimeer+Doha+Qatar
108,Blossom Nursery,https://www.google.com/maps/search/Blossom+Nursery+Doha+Qatar
92,Bluebay International,https://www.google.com/maps/search/Bluebay+International+Doha+Qatar
236,Blyth Academy,https://www.google.com/maps/search/Blyth+Academy+Doha+Qatar
106,Bright Beginnings Nursery,https://www.google.com/maps/search/Bright+Beginnings+Nursery+Doha+Qatar
237,Bright Future Int'l School- British Stream,https://www.google.com/maps/search/Bright+Future+Int%27l+School-+British+Stream+Doha+Qatar
83,Bright Futures School,https://www.google.com/maps/search/Bright+Futures+School+Doha+Qatar
238,Bright Horizon International Kindergarten,https://www.google.com/maps/search/Bright+Horizon+International+Kindergarten+Doha+Qatar
239,Brighton International Academy,https://www.google.com/maps/search/Brighton+International+Academy+Doha+Qatar
240,British Modern International School,https://www.google.com/maps/search/British+Modern+International+School+Doha+Qatar
119,Butterfly Nursery,https://www.google.com/maps/search/Butterfly+Nursery+Doha+Qatar
253,COMPASS INTERNATIONAL SCHOOL- THEMAID,https://www.google.com/maps/search/COMPASS+INTERNATIONAL+SCHOOL-+THEMAID+Doha+Qatar
242,Cairo Kindergarten and Primary private School,https://www.google.com/maps/search/Cairo+Kindergarten+and+Primary+private+School+Doha+Qatar
243,Cairo Preparatory Private School – Al-Wakra Branch,https://www.google.com/maps/search/Cairo+Preparatory+Private+School+%E2%80%93+Al-Wakra+Branch+Doha+Qatar
244,Cairo Private Kindergarten,https://www.google.com/maps/search/Cairo+Private+Kindergarten+Doha+Qatar
245,Cairo Private Kindergarten – Muaither Branch,https://www.google.com/maps/search/Cairo+Private+Kindergarten+%E2%80%93+Muaither+Branch+Doha+Qatar
241,Cairo Private School – Boys,https://www.google.com/maps/search/Cairo+Private+School+%E2%80%93+Boys+Doha+Qatar
246,Cairo Private School – Girls,https://www.google.com/maps/search/Cairo+Private+School+%E2%80%93+Girls+Doha+Qatar
247,Cambridge International School,https://www.google.com/maps/search/Cambridge+International+School+Doha+Qatar
87,Camelot School,https://www.google.com/maps/search/Camelot+School+Doha+Qatar
248,Cardiff International Kindergarten,https://www.google.com/maps/search/Cardiff+International+Kindergarten+Doha+Qatar
249,Cardiff International Primary School,https://www.google.com/maps/search/Cardiff+International+Primary+School+Doha+Qatar
103,Cedars International School,https://www.google.com/maps/search/Cedars+International+School+Doha+Qatar
252,Compass Int'l School-Gharaffa,https://www.google.com/maps/search/Compass+Int%27l+School-Gharaffa+Doha+Qatar
14,Compass International School - Gharaffa,https://www.google.com/maps/search/Compass+International+School+-+Gharaffa+Doha+Qatar
15,Compass International School - Rayyan,https://www.google.com/maps/search/Compass+International+School+-+Rayyan+Doha+Qatar
251,Compass International School Doha – Rayyan Campus,https://www.google.com/maps/search/Compass+International+School+Doha+%E2%80%93+Rayyan+Campus+Doha+Qatar
250,Compass International School-Madinat Khalifa,https://www.google.com/maps/search/Compass+International+School-Madinat+Khalifa+Doha+Qatar
61,Corniche International School,https://www.google.com/maps/search/Corniche+International+School+Doha+Qatar
254,Creative International Kindergarten,https://www.google.com/maps/search/Creative+International+Kindergarten+Doha+Qatar
115,Crescent Stars Nursery,https://www.google.com/maps/search/Crescent+Stars+Nursery+Doha+Qatar
101,DPS Modern Indian School,https://www.google.com/maps/search/DPS+Modern+Indian+School+Doha+Qatar
255,Dafna International Kindergarten,https://www.google.com/maps/search/Dafna+International+Kindergarten+Doha+Qatar
256,Danat Al Shamal Kindergarten,https://www.google.com/maps/search/Danat+Al+Shamal+Kindergarten+Doha+Qatar
65,Desert Bloom School,https://www.google.com/maps/search/Desert+Bloom+School+Doha+Qatar
62,Dhow International School,https://www.google.com/maps/search/Dhow+International+School+Doha+Qatar
112,Discovery Garden Nursery,https://www.google.com/maps/search/Discovery+Garden+Nursery+Doha+Qatar
37,Doha Academy - Al Mamoura,https://www.google.com/maps/search/Doha+Academy+-+Al+Mamoura+Doha+Qatar
38,Doha Academy - Salwa,https://www.google.com/maps/search/Doha+Academy+-+Salwa+Doha+Qatar
258,Doha Academy Salwa,https://www.google.com/maps/search/Doha+Academy+Salwa+Doha+Qatar
19,Doha British School - Ain Khaled,https://www.google.com/maps/search/Doha+British+School+-+Ain+Khaled+Doha+Qatar
259,Doha British School – Ain Khaled Campus,https://www.google.com/maps/search/Doha+British+School+%E2%80%93+Ain+Khaled+Campus+Doha+Qatar
260,Doha British School – Al Wakra,https://www.google.com/maps/search/Doha+British+School+%E2%80%93+Al+Wakra+Doha+Qatar
12,Doha College,https://www.google.com/maps/search/Doha+College+Doha+Qatar
261,Doha College – Al Wajba,https://www.google.com/maps/search/Doha+College+%E2%80%93+Al+Wajba+Doha+Qatar
20,Doha English Speaking School,https://www.google.com/maps/search/Doha+English+Speaking+School+Doha+Qatar
262,Doha English Speaking School – DESS,https://www.google.com/maps/search/Doha+English+Speaking+School+%E2%80%93+DESS+Doha+Qatar
264,Doha International Academy – Alwaab,https://www.google.com/maps/search/Doha+International+Academy+%E2%80%93+Alwaab+Doha+Qatar
265,Doha International Private School – Kindergarten Primary,https://www.google.com/maps/search/Doha+International+Private+School+%E2%80%93+Kindergarten+Primary+Doha+Qatar
263,Doha International School,https://www.google.com/maps/search/Doha+International+School+Doha+Qatar
340,Doha Minaret English Kindergarten,https://www.google.com/maps/search/Doha+Minaret+English+Kindergarten+Doha+Qatar
26,Doha Modern Indian School,https://www.google.com/maps/search/Doha+Modern+Indian+School+Doha+Qatar
56,Doha Pearl School,https://www.google.com/maps/search/Doha+Pearl+School+Doha+Qatar
266,Dukhan English School (Qatar Petroleum),https://www.google.com/maps/search/Dukhan+English+School+%28Qatar+Petroleum%29+Doha+Qatar
267,Durham School for Girls Doha,https://www.google.com/maps/search/Durham+School+for+Girls+Doha+Doha+Qatar
269,EBLA INTERNATIONAL PRIMARY SCHOOL,https://www.google.com/maps/search/EBLA+INTERNATIONAL+PRIMARY+SCHOOL+Doha+Qatar
281,ETHIOPIAN COMMUNITY INTERNATIONAL SCHOOL – DOHA,https://www.google.com/maps/search/ETHIOPIAN+COMMUNITY+INTERNATIONAL+SCHOOL+%E2%80%93+DOHA+Doha+Qatar
268,Eadad International Academy,https://www.google.com/maps/search/Eadad+International+Academy+Doha+Qatar
271,Ebla International School – Adults,https://www.google.com/maps/search/Ebla+International+School+%E2%80%93+Adults+Doha+Qatar
272,Ebla International School – Al Luqta Branch,https://www.google.com/maps/search/Ebla+International+School+%E2%80%93+Al+Luqta+Branch+Doha+Qatar
270,Ebla International School – Luqta,https://www.google.com/maps/search/Ebla+International+School+%E2%80%93+Luqta+Doha+Qatar
274,Edison Int'l Academy – Markheya,https://www.google.com/maps/search/Edison+Int%27l+Academy+%E2%80%93+Markheya+Doha+Qatar
273,Edison International Academy – Dahl Alhamam,https://www.google.com/maps/search/Edison+International+Academy+%E2%80%93+Dahl+Alhamam+Doha+Qatar
275,Edison International Academy-Muaither,https://www.google.com/maps/search/Edison+International+Academy-Muaither+Doha+Qatar
276,Educare International Academy,https://www.google.com/maps/search/Educare+International+Academy+Doha+Qatar
3,Education City Academy,https://www.google.com/maps/search/Education+City+Academy+Doha+Qatar
6,Education City Academy,https://www.google.com/maps/search/Education+City+Academy+Doha+Qatar
9,Education City Academy,https://www.google.com/maps/search/Education+City+Academy+Doha+Qatar
55,Education City Academy,https://www.google.com/maps/search/Education+City+Academy+Doha+Qatar
80,Education City Primary,https://www.google.com/maps/search/Education+City+Primary+Doha+Qatar
277,Egyptian Language School,https://www.google.com/maps/search/Egyptian+Language+School+Doha+Qatar
278,Elite International School,https://www.google.com/maps/search/Elite+International+School+Doha+Qatar
82,Elite Scholars Academy,https://www.google.com/maps/search/Elite+Scholars+Academy+Doha+Qatar
279,English Modern Kindergarten,https://www.google.com/maps/search/English+Modern+Kindergarten+Doha+Qatar
33,English Modern School - Doha,https://www.google.com/maps/search/English+Modern+School+-+Doha+Doha+Qatar
415,English Modern School Al Khor,https://www.google.com/maps/search/English+Modern+School+Al+Khor+Doha+Qatar
416,English Modern School-Al Wakra,https://www.google.com/maps/search/English+Modern+School-Al+Wakra+Doha+Qatar
417,English Modern School-Doha,https://www.google.com/maps/search/English+Modern+School-Doha+Doha+Qatar
53,Evergreen International School Doha,https://www.google.com/maps/search/Evergreen+International+School+Doha+Doha+Qatar
282,Eyalna Kindergarten,https://www.google.com/maps/search/Eyalna+Kindergarten+Doha+Qatar
283,Eyalna Private Kindergarten – Almuaither Branch,https://www.google.com/maps/search/Eyalna+Private+Kindergarten+%E2%80%93+Almuaither+Branch+Doha+Qatar
284,Finger Prints Kindergarten,https://www.google.com/maps/search/Finger+Prints+Kindergarten+Doha+Qatar
285,French Qatarian School (Lycee Voltaire) West Bay,https://www.google.com/maps/search/French+Qatarian+School+%28Lycee+Voltaire%29+West+Bay+Doha+Qatar
287,GEMS American Academy,https://www.google.com/maps/search/GEMS+American+Academy+Doha+Qatar
100,GEMS American Academy Qatar,https://www.google.com/maps/search/GEMS+American+Academy+Qatar+Doha+Qatar
25,GEMS Wellington School (Al Wukair),https://www.google.com/maps/search/GEMS+Wellington+School+%28Al+Wukair%29+Doha+Qatar
286,Galileo International School,https://www.google.com/maps/search/Galileo+International+School+Doha+Qatar
70,Gateway International School,https://www.google.com/maps/search/Gateway+International+School+Doha+Qatar
288,German School Doha,https://www.google.com/maps/search/German+School+Doha+Doha+Qatar
289,Gheras International School,https://www.google.com/maps/search/Gheras+International+School+Doha+Qatar
290,Global Academy International,https://www.google.com/maps/search/Global+Academy+International+Doha+Qatar
291,Glorious International Kindergarten,https://www.google.com/maps/search/Glorious+International+Kindergarten+Doha+Qatar
84,Golden Dunes School,https://www.google.com/maps/search/Golden+Dunes+School+Doha+Qatar
77,Greenfield International,https://www.google.com/maps/search/Greenfield+International+Doha+Qatar
34,Gulf English School (GES),https://www.google.com/maps/search/Gulf+English+School+%28GES%29+Doha+Qatar
292,Gulf English School prep,https://www.google.com/maps/search/Gulf+English+School+prep+Doha+Qatar
59,Gulf Horizon School,https://www.google.com/maps/search/Gulf+Horizon+School+Doha+Qatar
293,Hamilton International School,https://www.google.com/maps/search/Hamilton+International+School+Doha+Qatar
114,Happy Hearts International Nursery,https://www.google.com/maps/search/Happy+Hearts+International+Nursery+Doha+Qatar
294,Haql Al Rabee Kindergarten – Al Matar,https://www.google.com/maps/search/Haql+Al+Rabee+Kindergarten+%E2%80%93+Al+Matar+Doha+Qatar
295,Haql Al Rabee Kindergarten – Al Wakra,https://www.google.com/maps/search/Haql+Al+Rabee+Kindergarten+%E2%80%93+Al+Wakra+Doha+Qatar
296,Haql Al Rabee Primary School,https://www.google.com/maps/search/Haql+Al+Rabee+Primary+School+Doha+Qatar
94,Harmony School Doha,https://www.google.com/maps/search/Harmony+School+Doha+Doha+Qatar
51,Hayat Universal School,https://www.google.com/maps/search/Hayat+Universal+School+Doha+Qatar
297,Hilltop Kindergarten,https://www.google.com/maps/search/Hilltop+Kindergarten+Doha+Qatar
71,Horizon British School,https://www.google.com/maps/search/Horizon+British+School+Doha+Qatar
27,Ideal Indian School,https://www.google.com/maps/search/Ideal+Indian+School+Doha+Qatar
52,International Montessori School Doha,https://www.google.com/maps/search/International+Montessori+School+Doha+Doha+Qatar
298,International Pakistani School,https://www.google.com/maps/search/International+Pakistani+School+Doha+Qatar
299,International Pakistani School -KG Pri Prep Sec-Mixed-Adults,https://www.google.com/maps/search/International+Pakistani+School+-KG+Pri+Prep+Sec-Mixed-Adults+Doha+Qatar
24,International School of Choueifat,https://www.google.com/maps/search/International+School+of+Choueifat+Doha+Qatar
99,International Test School,https://www.google.com/maps/search/International+Test+School+Doha+Qatar
301,Iqra English Boys School,https://www.google.com/maps/search/Iqra+English+Boys+School+Doha+Qatar
302,Iqra English Girls,https://www.google.com/maps/search/Iqra+English+Girls+Doha+Qatar
303,Iqra English Preschool – Al Nuaija,https://www.google.com/maps/search/Iqra+English+Preschool+%E2%80%93+Al+Nuaija+Doha+Qatar
300,Iqra English Preschool – KG – Mixed,https://www.google.com/maps/search/Iqra+English+Preschool+%E2%80%93+KG+%E2%80%93+Mixed+Doha+Qatar
308,Iranian School Kindergarten Primary-Adults,https://www.google.com/maps/search/Iranian+School+Kindergarten+Primary-Adults+Doha+Qatar
305,Iranian School for Boys,https://www.google.com/maps/search/Iranian+School+for+Boys+Doha+Qatar
306,Iranian School for Girls,https://www.google.com/maps/search/Iranian+School+for+Girls+Doha+Qatar
304,Iranian School – Prep Sec – Adults,https://www.google.com/maps/search/Iranian+School+%E2%80%93+Prep+Sec+%E2%80%93+Adults+Doha+Qatar
307,"Iranian School – Primary, Preparatory and Secondary – Girls",https://www.google.com/maps/search/Iranian+School+%E2%80%93+Primary%2C+Preparatory+and+Secondary+%E2%80%93+Girls+Doha+Qatar
309,Itqan International Academy,https://www.google.com/maps/search/Itqan+International+Academy+Doha+Qatar
89,Ivy League Prep Doha,https://www.google.com/maps/search/Ivy+League+Prep+Doha+Doha+Qatar
49,Japan School of Doha,https://www.google.com/maps/search/Japan+School+of+Doha+Doha+Qatar
206,Jasmine Private Kindergarten,https://www.google.com/maps/search/Jasmine+Private+Kindergarten+Doha+Qatar
310,Jil Almustaqbal Kindergarten,https://www.google.com/maps/search/Jil+Almustaqbal+Kindergarten+Doha+Qatar
312,Jordanian School,https://www.google.com/maps/search/Jordanian+School+Doha+Qatar
311,Jordanian School – KG Pri Prep Sec – Adults,https://www.google.com/maps/search/Jordanian+School+%E2%80%93+KG+Pri+Prep+Sec+%E2%80%93+Adults+Doha+Qatar
313,Key of Education School,https://www.google.com/maps/search/Key+of+Education+School+Doha+Qatar
314,Kid'n Around Kindergarten,https://www.google.com/maps/search/Kid%27n+Around+Kindergarten+Doha+Qatar
118,Kidz Zone Nursery,https://www.google.com/maps/search/Kidz+Zone+Nursery+Doha+Qatar
315,King's College Doha,https://www.google.com/maps/search/King%27s+College+Doha+Doha+Qatar
97,King's International School,https://www.google.com/maps/search/King%27s+International+School+Doha+Qatar
316,Kingdom -Kindrgarten – Mixed,https://www.google.com/maps/search/Kingdom+-Kindrgarten+%E2%80%93+Mixed+Doha+Qatar
317,Knowledge Bridge International Kindergarten,https://www.google.com/maps/search/Knowledge+Bridge+International+Kindergarten+Doha+Qatar
123,Knowledge Icon KG,https://www.google.com/maps/search/Knowledge+Icon+KG+Doha+Qatar
318,Leaders International School,https://www.google.com/maps/search/Leaders+International+School+Doha+Qatar
320,Lebanese School,https://www.google.com/maps/search/Lebanese+School+Doha+Qatar
321,Lebanese School AlHitmi AlQadeem Branch,https://www.google.com/maps/search/Lebanese+School+AlHitmi+AlQadeem+Branch+Doha+Qatar
102,Lebanese School Doha,https://www.google.com/maps/search/Lebanese+School+Doha+Doha+Qatar
85,Lighthouse International School,https://www.google.com/maps/search/Lighthouse+International+School+Doha+Qatar
322,Little Flower Kindergarten – Qatar,https://www.google.com/maps/search/Little+Flower+Kindergarten+%E2%80%93+Qatar+Doha+Qatar
107,Little Footprints Nursery,https://www.google.com/maps/search/Little+Footprints+Nursery+Doha+Qatar
121,Little Genius Montessori,https://www.google.com/maps/search/Little+Genius+Montessori+Doha+Qatar
105,Little Lions Kindergarten,https://www.google.com/maps/search/Little+Lions+Kindergarten+Doha+Qatar
323,Little Panda's Kindergarten – Doha,https://www.google.com/maps/search/Little+Panda%27s+Kindergarten+%E2%80%93+Doha+Doha+Qatar
324,London International PrivateSchool-KinPriPreSecMix,https://www.google.com/maps/search/London+International+PrivateSchool-KinPriPreSecMix+Doha+Qatar
325,Lotus Private Kindergarten,https://www.google.com/maps/search/Lotus+Private+Kindergarten+Doha+Qatar
326,Loydence Academy – Al Aziziyah,https://www.google.com/maps/search/Loydence+Academy+%E2%80%93+Al+Aziziyah+Doha+Qatar
327,Loyola International School,https://www.google.com/maps/search/Loyola+International+School+Doha+Qatar
328,Loyola international School – Al Wukair Branch,https://www.google.com/maps/search/Loyola+international+School+%E2%80%93+Al+Wukair+Branch+Doha+Qatar
329,Lycee Bonaparte School-Al Dafna,https://www.google.com/maps/search/Lycee+Bonaparte+School-Al+Dafna+Doha+Qatar
330,Lycee Franco- Qatarien Voltaire -salwa,https://www.google.com/maps/search/Lycee+Franco-+Qatarien+Voltaire+-salwa+Doha+Qatar
331,Lycee Franco-Qatarien Voltaire,https://www.google.com/maps/search/Lycee+Franco-Qatarien+Voltaire+Doha+Qatar
50,Lycée Franco-Qatarien Voltaire - Al Waab,https://www.google.com/maps/search/Lyc%C3%A9e+Franco-Qatarien+Voltaire+-+Al+Waab+Doha+Qatar
28,M.E.S Indian School,https://www.google.com/maps/search/M.E.S+Indian+School+Doha+Qatar
333,Maghreb International School – Ecole Charlemange,https://www.google.com/maps/search/Maghreb+International+School+%E2%80%93+Ecole+Charlemange+Doha+Qatar
332,Maghreb international kindergarten,https://www.google.com/maps/search/Maghreb+international+kindergarten+Doha+Qatar
88,Maple Leaf Doha,https://www.google.com/maps/search/Maple+Leaf+Doha+Doha+Qatar
68,Marina Heights School,https://www.google.com/maps/search/Marina+Heights+School+Doha+Qatar
74,Meadows School Doha,https://www.google.com/maps/search/Meadows+School+Doha+Doha+Qatar
334,Medad Kindergarten,https://www.google.com/maps/search/Medad+Kindergarten+Doha+Qatar
337,Mesaieed International School (Qatar Petroleum),https://www.google.com/maps/search/Mesaieed+International+School+%28Qatar+Petroleum%29+Doha+Qatar
336,Mesaieed International School Private-KG-Mix,https://www.google.com/maps/search/Mesaieed+International+School+Private-KG-Mix+Doha+Qatar
335,Mesaieed International School – Primary,https://www.google.com/maps/search/Mesaieed+International+School+%E2%80%93+Primary+Doha+Qatar
257,Michael E. DeBakey High School,https://www.google.com/maps/search/Michael+E.+DeBakey+High+School+Doha+Qatar
338,Middle East International School,https://www.google.com/maps/search/Middle+East+International+School+Doha+Qatar
339,Military Secondary School,https://www.google.com/maps/search/Military+Secondary+School+Doha+Qatar
91,Mission Hills School,https://www.google.com/maps/search/Mission+Hills+School+Doha+Qatar
341,Monarch International School,https://www.google.com/maps/search/Monarch+International+School+Doha+Qatar
342,Mueidhar Al Hadeetha Private Kindergarten,https://www.google.com/maps/search/Mueidhar+Al+Hadeetha+Private+Kindergarten+Doha+Qatar
343,My Little World Kindegrten,https://www.google.com/maps/search/My+Little+World+Kindegrten+Doha+Qatar
344,Naiseb Private Kindergarten,https://www.google.com/maps/search/Naiseb+Private+Kindergarten+Doha+Qatar
165,New Dawn KG,https://www.google.com/maps/search/New+Dawn+KG+Doha+Qatar
346,Newton British Academy – Al Mashaf,https://www.google.com/maps/search/Newton+British+Academy+%E2%80%93+Al+Mashaf+Doha+Qatar
347,Newton British Academy- Al Dafna,https://www.google.com/maps/search/Newton+British+Academy-+Al+Dafna+Doha+Qatar
350,Newton British School – Muraikh,https://www.google.com/maps/search/Newton+British+School+%E2%80%93+Muraikh+Doha+Qatar
345,Newton British School – Rawdat Bu Dabah,https://www.google.com/maps/search/Newton+British+School+%E2%80%93+Rawdat+Bu+Dabah+Doha+Qatar
348,Newton British kindergarten – Oryx,https://www.google.com/maps/search/Newton+British+kindergarten+%E2%80%93+Oryx+Doha+Qatar
349,Newton British kindergarten – Pearl,https://www.google.com/maps/search/Newton+British+kindergarten+%E2%80%93+Pearl+Doha+Qatar
352,Newton International Academy,https://www.google.com/maps/search/Newton+International+Academy+Doha+Qatar
353,Newton International Kindergarten,https://www.google.com/maps/search/Newton+International+Kindergarten+Doha+Qatar
354,Newton International Kindergarten-1-Oryx,https://www.google.com/maps/search/Newton+International+Kindergarten-1-Oryx+Doha+Qatar
355,Newton International Kindergarten-2-Pearl,https://www.google.com/maps/search/Newton+International+Kindergarten-2-Pearl+Doha+Qatar
17,Newton International School - Al Hilal,https://www.google.com/maps/search/Newton+International+School+-+Al+Hilal+Doha+Qatar
16,Newton International School - West Bay,https://www.google.com/maps/search/Newton+International+School+-+West+Bay+Doha+Qatar
356,Newton International School – Alqitifia,https://www.google.com/maps/search/Newton+International+School+%E2%80%93+Alqitifia+Doha+Qatar
351,Newton International School- Al Hilal,https://www.google.com/maps/search/Newton+International+School-+Al+Hilal+Doha+Qatar
357,Noble Indian Kindergarten,https://www.google.com/maps/search/Noble+Indian+Kindergarten+Doha+Qatar
360,Noble International School,https://www.google.com/maps/search/Noble+International+School+Doha+Qatar
358,Noble International School preparatory,https://www.google.com/maps/search/Noble+International+School+preparatory+Doha+Qatar
359,Noble International School-Alwaker,https://www.google.com/maps/search/Noble+International+School-Alwaker+Doha+Qatar
361,NooN International Kindergarten,https://www.google.com/maps/search/NooN+International+Kindergarten+Doha+Qatar
364,Noor Al Khaleej International KG- Duhail,https://www.google.com/maps/search/Noor+Al+Khaleej+International+KG-+Duhail+Doha+Qatar
362,Noor Al Khaleej International Kindergarten,https://www.google.com/maps/search/Noor+Al+Khaleej+International+Kindergarten+Doha+Qatar
363,Noor Al Khaleej International School,https://www.google.com/maps/search/Noor+Al+Khaleej+International+School+Doha+Qatar
365,Nord Anglia International School- Al Khor,https://www.google.com/maps/search/Nord+Anglia+International+School-+Al+Khor+Doha+Qatar
366,Nort Star International Kindergarten,https://www.google.com/maps/search/Nort+Star+International+Kindergarten+Doha+Qatar
66,Northfield School Qatar,https://www.google.com/maps/search/Northfield+School+Qatar+Doha+Qatar
367,Olive International Kindergarten -Khartyat Branch,https://www.google.com/maps/search/Olive+International+Kindergarten+-Khartyat+Branch+Doha+Qatar
73,Oryx Academy,https://www.google.com/maps/search/Oryx+Academy+Doha+Qatar
368,Oryx International School (Qatar Airways),https://www.google.com/maps/search/Oryx+International+School+%28Qatar+Airways%29+Doha+Qatar
370,Oscar Academy,https://www.google.com/maps/search/Oscar+Academy+Doha+Qatar
369,Oscar English Kindergarten,https://www.google.com/maps/search/Oscar+English+Kindergarten+Doha+Qatar
371,Oscar Private Kindergarten – Abu Hamour Branch,https://www.google.com/maps/search/Oscar+Private+Kindergarten+%E2%80%93+Abu+Hamour+Branch+Doha+Qatar
96,Oxford Doha School,https://www.google.com/maps/search/Oxford+Doha+School+Doha+Qatar
372,Oxford English School,https://www.google.com/maps/search/Oxford+English+School+Doha+Qatar
375,Pak Shama Kindergarten – Al-Wakra,https://www.google.com/maps/search/Pak+Shama+Kindergarten+%E2%80%93+Al-Wakra+Doha+Qatar
374,Pak Shama Kindergarten – almashaf Branch,https://www.google.com/maps/search/Pak+Shama+Kindergarten+%E2%80%93+almashaf+Branch+Doha+Qatar
31,Pak Shama School,https://www.google.com/maps/search/Pak+Shama+School+Doha+Qatar
373,Pak Shama School and College,https://www.google.com/maps/search/Pak+Shama+School+and+College+Doha+Qatar
376,Pakshama Private school-almashaf,https://www.google.com/maps/search/Pakshama+Private+school-almashaf+Doha+Qatar
378,Palestinian School – Boys,https://www.google.com/maps/search/Palestinian+School+%E2%80%93+Boys+Doha+Qatar
377,Palestinian Schools – Boys Girls -Adults,https://www.google.com/maps/search/Palestinian+Schools+%E2%80%93+Boys+Girls+-Adults+Doha+Qatar
72,Palm Springs School,https://www.google.com/maps/search/Palm+Springs+School+Doha+Qatar
13,Park House English School,https://www.google.com/maps/search/Park+House+English+School+Doha+Qatar
379,Pearl School – Al Thumama,https://www.google.com/maps/search/Pearl+School+%E2%80%93+Al+Thumama+Doha+Qatar
184,Pearl School – West Bay,https://www.google.com/maps/search/Pearl+School+%E2%80%93+West+Bay+Doha+Qatar
380,Pearling Season International School,https://www.google.com/maps/search/Pearling+Season+International+School+Doha+Qatar
63,Pearlstone School,https://www.google.com/maps/search/Pearlstone+School+Doha+Qatar
381,Perfection International Kindergarten,https://www.google.com/maps/search/Perfection+International+Kindergarten+Doha+Qatar
382,Philippine International School,https://www.google.com/maps/search/Philippine+International+School+Doha+Qatar
32,Philippine School Doha,https://www.google.com/maps/search/Philippine+School+Doha+Doha+Qatar
384,Philippine School of Doha,https://www.google.com/maps/search/Philippine+School+of+Doha+Doha+Qatar
383,Philippine School of Doha – Evening,https://www.google.com/maps/search/Philippine+School+of+Doha+%E2%80%93+Evening+Doha+Qatar
385,Pioneers International Kindergarten,https://www.google.com/maps/search/Pioneers+International+Kindergarten+Doha+Qatar
386,Premier Schools International Qatar,https://www.google.com/maps/search/Premier+Schools+International+Qatar+Doha+Qatar
41,Qatar Academy Al Khor,https://www.google.com/maps/search/Qatar+Academy+Al+Khor+Doha+Qatar
388,Qatar Academy Al Wakra,https://www.google.com/maps/search/Qatar+Academy+Al+Wakra+Doha+Qatar
11,Qatar Academy Doha,https://www.google.com/maps/search/Qatar+Academy+Doha+Doha+Qatar
390,Qatar Academy Mushaireb,https://www.google.com/maps/search/Qatar+Academy+Mushaireb+Doha+Qatar
391,Qatar Academy Private-KG Pri Prep Sec-Mixed,https://www.google.com/maps/search/Qatar+Academy+Private-KG+Pri+Prep+Sec-Mixed+Doha+Qatar
40,Qatar Academy Sidra,https://www.google.com/maps/search/Qatar+Academy+Sidra+Doha+Qatar
389,Qatar Academy for Science & Technology-QAST,https://www.google.com/maps/search/Qatar+Academy+for+Science+%26+Technology-QAST+Doha+Qatar
42,Qatar Academy for Science and Technology,https://www.google.com/maps/search/Qatar+Academy+for+Science+and+Technology+Doha+Qatar
387,Qatar Academy – Alkhor,https://www.google.com/maps/search/Qatar+Academy+%E2%80%93+Alkhor+Doha+Qatar
392,Qatar Al-Hadeetha – KG – Mixed,https://www.google.com/maps/search/Qatar+Al-Hadeetha+%E2%80%93+KG+%E2%80%93+Mixed+Doha+Qatar
58,Qatar American School,https://www.google.com/maps/search/Qatar+American+School+Doha+Qatar
22,Qatar Canadian School,https://www.google.com/maps/search/Qatar+Canadian+School+Doha+Qatar
393,Qatar Finland International School,https://www.google.com/maps/search/Qatar+Finland+International+School+Doha+Qatar
21,Qatar International School,https://www.google.com/maps/search/Qatar+International+School+Doha+Qatar
39,Qatar Leadership Academy,https://www.google.com/maps/search/Qatar+Leadership+Academy+Doha+Qatar
395,Qurtoba International Kindergarten – Al Wajbah Branch,https://www.google.com/maps/search/Qurtoba+International+Kindergarten+%E2%80%93+Al+Wajbah+Branch+Doha+Qatar
394,Qurtoba Kindergarten,https://www.google.com/maps/search/Qurtoba+Kindergarten+Doha+Qatar
110,Rainbow Kids Nursery,https://www.google.com/maps/search/Rainbow+Kids+Nursery+Doha+Qatar
46,Rajagiri Public School,https://www.google.com/maps/search/Rajagiri+Public+School+Doha+Qatar
396,Rajagiri Public School in Doha,https://www.google.com/maps/search/Rajagiri+Public+School+in+Doha+Doha+Qatar
397,Renad Academy,https://www.google.com/maps/search/Renad+Academy+Doha+Qatar
398,Richmond International School Doha,https://www.google.com/maps/search/Richmond+International+School+Doha+Doha+Qatar
399,Rising Stars kindergarten,https://www.google.com/maps/search/Rising+Stars+kindergarten+Doha+Qatar
60,Rivera British School,https://www.google.com/maps/search/Rivera+British+School+Doha+Qatar
93,Riverfront School,https://www.google.com/maps/search/Riverfront+School+Doha+Qatar
400,Robin Kindergarten,https://www.google.com/maps/search/Robin+Kindergarten+Doha+Qatar
401,Royal Grammar School,https://www.google.com/maps/search/Royal+Grammar+School+Doha+Qatar
45,Royal International School,https://www.google.com/maps/search/Royal+International+School+Doha+Qatar
402,Ruad Almustaqbal International Kindergarten,https://www.google.com/maps/search/Ruad+Almustaqbal+International+Kindergarten+Doha+Qatar
98,Sample School 11,https://www.google.com/maps/search/Sample+School+11+Doha+Qatar
64,Seaview Academy,https://www.google.com/maps/search/Seaview+Academy+Doha+Qatar
405,Shakespeare Academy international,https://www.google.com/maps/search/Shakespeare+Academy+international+Doha+Qatar
406,ShantiNiketan Indian School,https://www.google.com/maps/search/ShantiNiketan+Indian+School+Doha+Qatar
18,Sherborne Qatar,https://www.google.com/maps/search/Sherborne+Qatar+Doha+Qatar
407,Sherborne School – Al Rayyan,https://www.google.com/maps/search/Sherborne+School+%E2%80%93+Al+Rayyan+Doha+Qatar
69,Silk Road School,https://www.google.com/maps/search/Silk+Road+School+Doha+Qatar
113,Smart Start Kindergarten,https://www.google.com/maps/search/Smart+Start+Kindergarten+Doha+Qatar
67,South Gate School,https://www.google.com/maps/search/South+Gate+School+Doha+Qatar
404,Spanish School Qatar,https://www.google.com/maps/search/Spanish+School+Qatar+Doha+Qatar
130,Spectra Global School,https://www.google.com/maps/search/Spectra+Global+School+Doha+Qatar
90,St. Peter's International,https://www.google.com/maps/search/St.+Peter%27s+International+Doha+Qatar
86,Starlight Academy,https://www.google.com/maps/search/Starlight+Academy+Doha+Qatar
120,Stars & Rainbows Kindergarten,https://www.google.com/maps/search/Stars+%26+Rainbows+Kindergarten+Doha+Qatar
408,Step One School,https://www.google.com/maps/search/Step+One+School+Doha+Qatar
409,Sudanese Community Schools – Girls,https://www.google.com/maps/search/Sudanese+Community+Schools+%E2%80%93+Girls+Doha+Qatar
411,Summit Academy,https://www.google.com/maps/search/Summit+Academy+Doha+Qatar
410,Summit Academy Kindergarten,https://www.google.com/maps/search/Summit+Academy+Kindergarten+Doha+Qatar
75,Sunrise International School,https://www.google.com/maps/search/Sunrise+International+School+Doha+Qatar
109,Sunshine Montessori Nursery,https://www.google.com/maps/search/Sunshine+Montessori+Nursery+Doha+Qatar
412,Swiss International School,https://www.google.com/maps/search/Swiss+International+School+Doha+Qatar
413,Tariq Bin Ziyad Boys School,https://www.google.com/maps/search/Tariq+Bin+Ziyad+Boys+School+Doha+Qatar
414,The Cambridge School,https://www.google.com/maps/search/The+Cambridge+School+Doha+Qatar
23,The Cambridge School Doha,https://www.google.com/maps/search/The+Cambridge+School+Doha+Doha+Qatar
280,The English Kindergarten (TEK) – Qatar,https://www.google.com/maps/search/The+English+Kindergarten+%28TEK%29+%E2%80%93+Qatar+Doha+Qatar
418,The First Assalam School,https://www.google.com/maps/search/The+First+Assalam+School+Doha+Qatar
419,The First Assalam School-Adults,https://www.google.com/maps/search/The+First+Assalam+School-Adults+Doha+Qatar
420,The Gulf English School,https://www.google.com/maps/search/The+Gulf+English+School+Doha+Qatar
421,The Gulf English School – Freij Bin Omran Branch,https://www.google.com/maps/search/The+Gulf+English+School+%E2%80%93+Freij+Bin+Omran+Branch+Doha+Qatar
81,The International Grammar School,https://www.google.com/maps/search/The+International+Grammar+School+Doha+Qatar
422,The International School of Choueifat,https://www.google.com/maps/search/The+International+School+of+Choueifat+Doha+Qatar
423,The Japan School of Doha,https://www.google.com/maps/search/The+Japan+School+of+Doha+Doha+Qatar
176,The Next Generation School – Al Wakra,https://www.google.com/maps/search/The+Next+Generation+School+%E2%80%93+Al+Wakra+Doha+Qatar
177,The Next Generation School – Al Wukair,https://www.google.com/maps/search/The+Next+Generation+School+%E2%80%93+Al+Wukair+Doha+Qatar
47,The Phoenix Private School,https://www.google.com/maps/search/The+Phoenix+Private+School+Doha+Qatar
403,The Scholars International School,https://www.google.com/maps/search/The+Scholars+International+School+Doha+Qatar
48,The Scholars' International School,https://www.google.com/maps/search/The+Scholars%27+International+School+Doha+Qatar
111,Tiny Treasures Early Learning Center,https://www.google.com/maps/search/Tiny+Treasures+Early+Learning+Center+Doha+Qatar
124,Tunisian Kindergarten of Doha,https://www.google.com/maps/search/Tunisian+Kindergarten+of+Doha+Doha+Qatar
425,Tunisian Primary School – Abu Hamour,https://www.google.com/maps/search/Tunisian+Primary+School+%E2%80%93+Abu+Hamour+Doha+Qatar
426,Tunisian Secondary School – Al Luqta,https://www.google.com/maps/search/Tunisian+Secondary+School+%E2%80%93+Al+Luqta+Doha+Qatar
424,Tunisian kindegarten izghwa branch,https://www.google.com/maps/search/Tunisian+kindegarten+izghwa+branch+Doha+Qatar
132,Turkish School,https://www.google.com/maps/search/Turkish+School+Doha+Qatar
427,Unique Kindergarten,https://www.google.com/maps/search/Unique+Kindergarten+Doha+Qatar
129,Vantage International Kindergarten,https://www.google.com/maps/search/Vantage+International+Kindergarten+Doha+Qatar
428,Versailles International Kindergarten,https://www.google.com/maps/search/Versailles+International+Kindergarten+Doha+Qatar
429,Victory International Kindergarten,https://www.google.com/maps/search/Victory+International+Kindergarten+Doha+Qatar
430,Vila Kinder Welt Kindergarten,https://www.google.com/maps/search/Vila+Kinder+Welt+Kindergarten+Doha+Qatar
431,Vision International school,https://www.google.com/maps/search/Vision+International+school+Doha+Qatar
2,West Bay Primary,https://www.google.com/maps/search/West+Bay+Primary+Doha+Qatar
5,West Bay Primary,https://www.google.com/maps/search/West+Bay+Primary+Doha+Qatar
8,West Bay Primary,https://www.google.com/maps/search/West+Bay+Primary+Doha+Qatar
116,Wonderland Early Learning Center,https://www.google.com/maps/search/Wonderland+Early+Learning+Center+Doha+Qatar
155,Young Achievers International School,https://www.google.com/maps/search/Young+Achievers+International+School+Doha+Qatar
154,Young Achievers Montessori Kindergarten,https://www.google.com/maps/search/Young+Achievers+Montessori+Kindergarten+Doha+Qatar
433,Zenith Heights Academy,https://www.google.com/maps/search/Zenith+Heights+Academy+Doha+Qatar
432,Zenith Heights kindergarten,https://www.google.com/maps/search/Zenith+Heights+kindergarten+Doha+Qatar
319,leaders international kindergarten,https://www.google.com/maps/search/leaders+international+kindergarten+Doha+Qatar
